predictor,predictor_column,lag_cycles,bins,n,observed_mi_bits,null_median_mi_bits,null_q025_mi_bits,null_q975_mi_bits,bias_corrected_mi_bits,bias_corrected_normalised_mi,bootstrap_median_corrected_mi_bits,bootstrap_q025_corrected_mi_bits,bootstrap_q975_corrected_mi_bits,circular_shift_p
Psi,psi_z,0,2,150,0.4334904934470948,0.0217823340645752,0.000128243359151,0.1445491894398692,0.4117081593825196,0.4117081593825196,0.4117081593825196,0.23041150760419238,0.6248583309140034,0.0006662225183211193
Psi,psi_z,0,3,150,0.6532042240109059,0.07594886024586404,0.011429547811572993,0.23449617654052463,0.5772553637650419,0.36420758440807993,0.5796590874345375,0.40706674194413445,0.7737780609088316,0.0006662225183211193
Psi,psi_z,0,4,150,0.8144363005341176,0.1261357728133668,0.051754259093886444,0.29158543023897926,0.6883005277207508,0.3441723327684159,0.7287684007505109,0.552405584884475,0.9292005181888868,0.0006662225183211193
Psi,psi_z,0,5,150,0.9580772993469139,0.21243992530246847,0.11008296318836926,0.3961990999064271,0.7456373740444454,0.3211285378243449,0.7910920752480999,0.6049091163380116,0.9884387416514537,0.0006662225183211193
Psi,psi_z,2,2,140,0.44649273454527466,0.0213038551699053,0.0,0.1775957740450109,0.42518887937536937,0.42518887937536937,0.3870233662477673,0.22910088757061475,0.6074638181892192,0.0006662225183211193
Psi,psi_z,2,3,140,0.5801636697880503,0.0781283745781937,0.015368717943900493,0.24662509371312694,0.5020352952098567,0.31676375124921025,0.4841035855776276,0.3453260344456609,0.6528310122204793,0.0006662225183211193
Psi,psi_z,2,4,140,0.7701363721194796,0.12881705147506683,0.05348129236782741,0.30557358062645773,0.6413193206444128,0.3206596603222064,0.6321731122570506,0.4483242228701795,0.8238884584545836,0.0006662225183211193
Psi,psi_z,2,5,140,0.8036478475629054,0.2138521067170262,0.12194502255391117,0.3956997968309535,0.5897957408458792,0.25401119963385016,0.6472637046485018,0.49039617124989104,0.8295121156025987,0.0006662225183211193
Psi,psi_z,4,2,130,0.34405792423058507,0.0290494055453313,0.0001707398766064,0.148775664737862,0.31500851868525376,0.31500851868525376,0.2808802291262669,0.11972625919253074,0.4328094092322184,0.0006662225183211193
Psi,psi_z,4,3,130,0.37331551414714736,0.07812805695346176,0.0152541417501583,0.21682653739683044,0.2951874571936856,0.1862525558172882,0.33081396619896314,0.1883731293770778,0.5014615042871581,0.0006662225183211193
Psi,psi_z,4,4,130,0.5222322460018822,0.13319627197648864,0.05787208680109751,0.2848299457526908,0.3890359740253936,0.19453459441902018,0.41466821543021837,0.24538777565090106,0.5861696384939423,0.0006662225183211193
Psi,psi_z,4,5,130,0.5659876403566917,0.21010746982324563,0.11508042634029304,0.39190780389148894,0.35588017053344606,0.1532692469319167,0.43399712147249997,0.27525897857207104,0.629744413117289,0.0006662225183211193
Psi,psi_z,6,2,120,0.18872187554086717,0.0201312433488472,0.0,0.15228591186495166,0.16859063219201997,0.16859063219201997,0.14322801470998547,0.061572922596663186,0.2925536638202254,0.003997335109926716
Psi,psi_z,6,3,120,0.31898477494570787,0.0771298056350768,0.01462811161032207,0.22181684070367755,0.24185496931063105,0.15259349618718887,0.24610578876520206,0.11196910010016209,0.4293322696110024,0.0013324450366422385
Psi,psi_z,6,4,120,0.4108969556057881,0.14433985071430794,0.06732242871373384,0.296190073944621,0.26655710489148016,0.13327855244574008,0.30667260978938515,0.1408252471431277,0.49496840597951003,0.002664890073284477
Psi,psi_z,6,5,120,0.4367922190163197,0.20821691729703157,0.11021765299351062,0.3780310118037937,0.22857530171928814,0.09844202420505034,0.3380366161601629,0.17617066737490583,0.5294233032472516,0.004663557628247834
loop activation,loop_z,0,2,150,0.4334904934470948,0.0217823340645752,0.000128243359151,0.1633592580588326,0.4117081593825196,0.4117081593825196,0.4117081593825196,0.23041150760419238,0.6248583309140034,0.0006662225183211193
loop activation,loop_z,0,3,150,0.6532042240109059,0.0755214651240994,0.012696225167757928,0.2370205071199342,0.5776827588868065,0.36447724070693255,0.5800239928455495,0.39937755592991103,0.776362639942084,0.0006662225183211193
loop activation,loop_z,0,4,150,0.8144363005341176,0.12777299619060314,0.04978815145657607,0.31558480041738396,0.6866633043435145,0.3433536685856754,0.7234595193879787,0.5440241025348959,0.9290262905835324,0.0006662225183211193
loop activation,loop_z,0,5,150,0.9580772993469139,0.21030552517732645,0.1091579556516064,0.3912641650390341,0.7477717741695874,0.32204777392379247,0.794767122265307,0.6146681345273941,0.989427995337948,0.0006662225183211193
loop activation,loop_z,2,2,140,0.44649273454527466,0.0213038551699053,0.0,0.1564929144260963,0.42518887937536937,0.42518887937536937,0.3870233662477673,0.22910088757061475,0.6074638181892192,0.0006662225183211193
loop activation,loop_z,2,3,140,0.5801636697880503,0.07814582220648175,0.0119095560102758,0.22776299464738836,0.5020178475815686,0.3167527425089092,0.47815883677472865,0.3491141109750936,0.6455602843399932,0.0006662225183211193
loop activation,loop_z,2,4,140,0.7701363721194796,0.130152372662855,0.058295690946873764,0.31179384368063157,0.6399839994566245,0.31999199972831227,0.6305789211281054,0.4481159171809015,0.8195328310631915,0.0006662225183211193
loop activation,loop_z,2,5,140,0.8036478475629054,0.2138619065836643,0.12034098456105294,0.38798973407180043,0.5897859409792411,0.25400697906101694,0.6436222839364305,0.47907891704287936,0.8319076576656331,0.0006662225183211193
loop activation,loop_z,4,2,130,0.34405792423058507,0.0290494055453313,0.0001707398766064,0.1709409306003342,0.31500851868525376,0.31500851868525376,0.2808802291262669,0.13025476047720508,0.4328094092322184,0.0006662225183211193
loop activation,loop_z,4,3,130,0.37331551414714736,0.07705799517916835,0.0161086513331732,0.23075662824087262,0.296257518967979,0.18692772590154338,0.33087723951336484,0.1805026892601384,0.48809994569170057,0.0006662225183211193
loop activation,loop_z,4,4,130,0.5222322460018822,0.13648641052123917,0.05562389740416982,0.3086748234108883,0.38574583548064306,0.19288938469519232,0.4094001212273083,0.24485269022875278,0.5866706740792198,0.0013324450366422385
loop activation,loop_z,4,5,130,0.5659876403566917,0.21277821867016694,0.1191334301556077,0.3840768322657398,0.35320942168652475,0.15211901801104616,0.42832616721051386,0.2675850793103343,0.6187281104568996,0.0006662225183211193
loop activation,loop_z,6,2,120,0.18872187554086717,0.0201312433488472,0.0,0.1400469502822478,0.16859063219201997,0.16859063219201997,0.14322801470998547,0.061572922596663186,0.2925536638202254,0.0033311125916055963
loop activation,loop_z,6,3,120,0.31898477494570787,0.0779297929579797,0.0145913866775823,0.20459851655982858,0.24105498198772818,0.15208876038268945,0.2453833306414247,0.10598426784876877,0.4133251455840547,0.001998667554963358
loop activation,loop_z,6,4,120,0.4108969556057881,0.1423489605304084,0.05988483246770435,0.3062634473890157,0.2685479950753797,0.13427399753768984,0.3126232520415108,0.14877490845515065,0.4849417600270688,0.0013324450366422385
loop activation,loop_z,6,5,120,0.4367922190163197,0.21285048139558205,0.10360522255568873,0.3830260066451279,0.22394173762073766,0.09644645676747418,0.32533208006087744,0.16736965621633293,0.5268504428902787,0.004663557628247834
top-5% tail,tail_z,0,2,150,0.015573102199988705,0.0155731021999887,0.000128243359151,0.1107118472727603,5.204170427930421e-18,5.204170427930421e-18,5.204170427930421e-18,-0.01544485884083762,0.0533710744149784,0.47901399067288475
top-5% tail,tail_z,0,3,150,0.13037877232863207,0.057908509973153194,0.009135575996130048,0.17350580970195112,0.07247026235547888,0.04572364476920116,0.0785079637743516,-0.004196503420659009,0.20447723994849126,0.09460359760159893
top-5% tail,tail_z,0,4,150,0.30596125416201103,0.1060106945810846,0.034633304298291694,0.2208518638205453,0.19995055958092645,0.09998169078440311,0.2093430238474788,0.05083032771234708,0.40606319833256654,0.0006662225183211193
top-5% tail,tail_z,0,5,150,0.49845840679515996,0.1714520978962084,0.08361414423264295,0.3178327164488649,0.32700630889895155,0.14083395158488524,0.31371906545909006,0.13826374590210705,0.4466605681138964,0.0006662225183211193
top-5% tail,tail_z,2,2,140,0.029049405545331364,0.0213038551699053,0.0,0.1187091007693073,0.007745550375426062,0.007745550375426062,7.632783294297951e-17,-0.02071491990866062,0.05116955639841884,0.3670886075949367
top-5% tail,tail_z,2,3,140,0.09945479466997995,0.06536501147912645,0.0090853548521188,0.18445342744752194,0.0340897831908535,0.021509259818661086,0.018017164848159968,-0.0365436919155195,0.11121288628990131,0.27048634243837444
top-5% tail,tail_z,2,4,140,0.12211506854238083,0.11367595855663384,0.03237615672981678,0.23855996951182823,0.008439109985746984,0.004219554992873492,0.054912748279191806,-0.04398400096179364,0.19779557466887868,0.4397068620919387
top-5% tail,tail_z,2,5,140,0.2472686178725531,0.16670174337487403,0.07701917659440935,0.3143647188615441,0.08056687449767908,0.034698264203391456,0.14233636408558595,0.009806507225461157,0.30155369163497064,0.1245836109260493
top-5% tail,tail_z,4,2,130,0.03876339527712422,0.0138739153697617,0.0001707398766064,0.0923038346391617,0.024889479907362518,0.024889479907362518,0.024889479907362518,-0.012336771098144258,0.09563444441074702,0.24850099933377748
top-5% tail,tail_z,4,3,130,0.0341368892187423,0.05851700615002535,0.007260175684981191,0.1630605064596822,-0.02438011693128305,-0.015382967598776902,0.002965943643437559,-0.04174072425323518,0.07999810886638875,0.7341772151898734
top-5% tail,tail_z,4,4,130,0.08050626471965647,0.10324558751655921,0.02781487356763365,0.23370395281838374,-0.022739322796902744,-0.011370632108612952,0.031246040628337107,-0.04267289192747248,0.15280241253564364,0.6862091938707529
top-5% tail,tail_z,4,5,130,0.12026811179940484,0.17469429835422115,0.07946408974967428,0.31995296231949477,-0.054426186554816305,-0.02344008269448867,0.04594400975499485,-0.06037922094882621,0.20597497015953203,0.8474350433044637
top-5% tail,tail_z,6,2,120,0.0396377296845222,0.0201312433488472,0.0,0.0992803201376407,0.019506486335674998,0.019506486335674998,0.019506486335674998,-0.016922875330483818,0.0985778574204601,0.34776815456362425
top-5% tail,tail_z,6,3,120,0.10143364793125467,0.060380848800462905,0.010773163362054743,0.16184890846606947,0.04105279913079177,0.025901432439008994,0.05798840887478644,-0.020464503737059526,0.1746197780941852,0.2171885409726849
top-5% tail,tail_z,6,4,120,0.13980380617791252,0.1045706241049929,0.030232668361074924,0.23939530503755332,0.03523318207291962,0.01761659103645981,0.08525536059851875,-0.010755263305016687,0.22936077293748747,0.2618254497001999
top-5% tail,tail_z,6,5,120,0.19781679895002838,0.159802502328714,0.07249023433243212,0.28624327449709747,0.038014296621314364,0.016371866426448688,0.12352435885820442,0.006427602818720324,0.2800512570285583,0.2691538974017322
cold loop memory,cold_loop_z,0,2,150,0.0011544640047981974,0.006292893395492,0.000128243359151,0.0689441766149671,-0.005138429390693803,-0.005138429390693803,-0.003084525377128617,-0.006164650036340921,0.022756512149839363,0.7368421052631579
cold loop memory,cold_loop_z,0,3,150,0.06721701666622584,0.0242725428379421,0.0045830374588495,0.08471666961352052,0.042944473828283744,0.027094946289734967,0.035309319861991185,-0.0122144918861424,0.1145046418625363,0.06728847435043304
cold loop memory,cold_loop_z,0,4,150,0.05126280597109774,0.07011207370418655,0.02312538973008254,0.16094641519752378,-0.018849267733088815,-0.009425238228650027,0.021228670648202864,-0.04022673833837121,0.12134078759306975,0.7514990006662225
cold loop memory,cold_loop_z,0,5,150,0.10073945448435417,0.13462851003199228,0.07013649299403431,0.22933612562653127,-0.0338890555476381,-0.014595221799614805,0.03951429838542907,-0.048432620431752754,0.1669134037640275,0.810126582278481
cold loop memory,cold_loop_z,2,2,140,0.005306204638694162,0.0094422995924737,0.0,0.086539854743037,-0.004136094953779538,-0.004136094953779538,-0.004136094953779538,-0.0094422995924737,0.038795024772695225,0.5796135909393737
cold loop memory,cold_loop_z,2,3,140,0.05052300110928132,0.0226441727792318,0.0032543613431023,0.0832782127496298,0.027878828330049517,0.01759040116605303,0.01637254661526446,-0.015783310299163477,0.08850566432294892,0.13524317121918722
cold loop memory,cold_loop_z,2,4,140,0.06674710423033342,0.07216608585415055,0.029912779572856187,0.16309283562604637,-0.005418981623817126,-0.002709490811908563,0.027537067376478284,-0.03623673210619626,0.13151231396755705,0.5689540306462358
cold loop memory,cold_loop_z,2,5,140,0.07898278964796109,0.12896244737673584,0.06791128540022938,0.22176249357719496,-0.04997965772877476,-0.02152506696431497,0.04982549418657767,-0.03706416010207784,0.16997393220130155,0.9320453031312458
cold loop memory,cold_loop_z,4,2,130,0.01387391536976175,0.0138739153697617,0.0001707398766064,0.076661111005557,5.0306980803327406e-17,5.0306980803327406e-17,5.0306980803327406e-17,-0.013703175493155232,0.06278719563579534,0.4010659560293138
cold loop memory,cold_loop_z,4,3,130,0.02825974988706073,0.0245377589063466,0.0037488670092262,0.09769997490641337,0.0037219909807141294,0.002348441019402943,0.015646850955822297,-0.0176072596583437,0.09545153923817443,0.4417055296469021
cold loop memory,cold_loop_z,4,4,130,0.07559251845528969,0.07576436783310911,0.022667095169991,0.17191491202367076,-0.00017184937781941634,-8.593202492137398e-05,0.04112577035713143,-0.029186742487174785,0.1443558293478649,0.5023317788141239
cold loop memory,cold_loop_z,4,5,130,0.14115878475983346,0.13337295715759878,0.06347598214461758,0.25573678487058277,0.007785827602234674,0.0033531734334832485,0.07744583112254179,-0.025028026627651398,0.20365810260680514,0.44103930712858097
cold loop memory,cold_loop_z,6,2,120,0.029049405545331364,0.0128622256278137,0.0,0.0992803201376407,0.016187179917517662,0.016187179917517662,0.026775504056708498,-0.012060579891453432,0.1058468751414936,0.2598267821452365
cold loop memory,cold_loop_z,6,3,120,0.03819524876382106,0.036455522843848356,0.0036716014904636,0.1320585380649673,0.0017397259199727066,0.001097644845970257,0.013608019769956323,-0.027474639962328556,0.1009943048086475,0.46768820786142573
cold loop memory,cold_loop_z,6,4,120,0.10044505569712116,0.08350008969130895,0.0209873477025324,0.18660381778476426,0.016944966005812204,0.008472483002906102,0.06413043143196553,-0.01980701323004715,0.18549558438209912,0.3864090606262492
cold loop memory,cold_loop_z,6,5,120,0.13304256738050485,0.13988582612853367,0.06683458407241198,0.2904728905554739,-0.006843258748028824,-0.002947231123606691,0.0855998866695139,-0.022649734971967282,0.23369315942398738,0.5496335776149234
